sourabh,127.0.0.1,2024-06-02 15:24:14.312736,urj5rKAogFrqv
sourabh,127.0.0.1,2024-06-03 08:57:32.956640,VfzgFZ1c7S0I6
sourabh,127.0.0.1,2024-06-03 17:20:22.656181,KwsAopxVEUjFk
sourabh,127.0.0.1,2024-06-03 17:23:01.781591,cqtSldZpAx9VB
sourabh,127.0.0.1,2024-06-07 08:10:25.067255,j4bPBslZ6Sim2
sourabh,127.0.0.1,2024-06-07 08:11:00.653094,C33RQjjzSrWmX
sourabh,127.0.0.1,2024-06-07 08:12:03.503562,iIUmCnIXRLE1m
sourabh,127.0.0.1,2024-06-07 08:13:56.527554,eiesqm2cjwso0
sourabh,127.0.0.1,2024-06-07 08:14:18.865821,YiJ2esAGlgJVk
sourabh,127.0.0.1,2024-06-07 08:15:37.187226,hh0FXbZrAj3zh
sourabh,127.0.0.1,2024-06-07 08:15:57.554960,aBFeuwg3RmzF6
sourabh,127.0.0.1,2024-06-07 08:18:48.113128,GSLjPdx1vgQLh
sourabh,127.0.0.1,2024-06-07 08:19:52.144217,R28UsTeyTSITw
sourabh,127.0.0.1,2024-06-07 08:22:14.151072,ICnQKMgK6p1E2
sourabh,127.0.0.1,2024-06-07 08:22:32.510717,2gDW2Weg5vngb
sourabh,127.0.0.1,2024-06-07 08:23:44.717850,4rYmMOcaWXIUy
sourabh,127.0.0.1,2024-06-07 08:24:06.901263,2s6gLCm5cSBAi
sourabh,127.0.0.1,2024-06-07 08:24:47.821475,xMgGqBrvmLNPW
sourabh,127.0.0.1,2024-06-07 08:26:17.060013,EAvQz4n76xDeH
sourabh,127.0.0.1,2024-06-07 08:29:27.602119,5sjCDXakfeNiW
sourabh,127.0.0.1,2024-06-07 08:29:53.691905,FqzVz4OACiKPn
sourabh,127.0.0.1,2024-06-07 08:32:00.706715,M8jKeW5oxNkdb
sourabh,127.0.0.1,2024-06-07 11:34:30.009045,Ox2nQNeYKN3AD
sourabh,127.0.0.1,2024-06-08 19:54:01.750922,2xYDNqFLi4VnB,login
sourabh,127.0.0.1,2024-06-08 19:54:01.750922,2xYDNqFLi4VnB,logout,2024-06-08 19:54:01.773229
sourabh,127.0.0.1,2024-06-08 19:54:03.909122,Y9jRTrRRzSicc,login
sourabh,127.0.0.1,2024-06-08 19:54:03.909122,Y9jRTrRRzSicc,logout,2024-06-08 19:54:03.909445
sourabh,127.0.0.1,2024-06-08 19:54:06.452573,cgCVl5CTVR3Xz,login
sourabh,127.0.0.1,2024-06-08 19:54:06.452573,cgCVl5CTVR3Xz,logout,2024-06-08 19:54:06.453091
sourabh,127.0.0.1,2024-06-08 19:56:30.598436,w9EgkVUI3gmCf,login
sourabh,127.0.0.1,2024-06-08 19:56:30.598436,w9EgkVUI3gmCf,logout,2024-06-08 19:56:30.598718
sourabh,127.0.0.1,2024-06-08 19:56:32.351968,jrRNpMzWxIWvH,login
sourabh,127.0.0.1,2024-06-08 19:56:32.351968,jrRNpMzWxIWvH,logout,2024-06-08 19:56:32.352204
sourabh,127.0.0.1,2024-06-08 19:56:34.239323,FGCj6zvfcSlrl,login
sourabh,127.0.0.1,2024-06-08 19:56:34.239323,FGCj6zvfcSlrl,logout,2024-06-08 19:56:34.239697
sourabh,127.0.0.1,2024-06-08 19:57:09.312307,ic8p3I7uiuNql,login
sourabh,127.0.0.1,2024-06-08 19:57:09.312307,ic8p3I7uiuNql,logout,2024-06-08 19:57:09.312641
sourabh,127.0.0.1,2024-06-08 19:57:10.742858,iaRFFt2uZauyW,login
sourabh,127.0.0.1,2024-06-08 19:57:10.742858,iaRFFt2uZauyW,logout,2024-06-08 19:57:10.743159
sourabh,127.0.0.1,2024-06-08 19:57:31.133966,Qjg29aabAUqnb,login
sourabh,127.0.0.1,2024-06-08 19:57:31.133966,Qjg29aabAUqnb,logout,2024-06-08 19:57:31.134712
sourabh,127.0.0.1,2024-06-08 19:59:27.307577,ySbsetJnqtcME,login
sourabh,127.0.0.1,2024-06-08 19:59:27.307577,ySbsetJnqtcME,logout,2024-06-08 19:59:27.307985
sourabh,127.0.0.1,2024-06-08 20:00:04.266061,CRlmRAiA3iesY,login
sourabh,127.0.0.1,2024-06-08 20:00:04.266061,CRlmRAiA3iesY,logout,2024-06-08 20:00:04.266321
sourabh,127.0.0.1,2024-06-08 20:01:21.552234,ka0UALUeH3x2N,login
sourabh,127.0.0.1,2024-06-08 20:01:21.552234,ka0UALUeH3x2N,logout,2024-06-08 20:01:21.552935
sourabh,127.0.0.1,2024-06-08 20:06:03.495408,Ubazu1bzZ6MqI,login
sourabh,127.0.0.1,2024-06-08 20:06:34.744813,CAlQlBSe9inid,login
sourabh,127.0.0.1,2024-06-08 20:09:33.455348,ImgI7pBmoT4c7,login
sourabh,127.0.0.1,2024-06-08 20:12:53.526321,lTOZnLiUYRIWD,login
sourabh,127.0.0.1,2024-06-08 20:13:27.874150,v7t8JHGQ1wCI3,login
sourabh,127.0.0.1,2024-06-08 20:14:38.398931,M2KxfvQWOwRVa,login
sourabh,127.0.0.1,2024-06-08 20:15:16.338977,H8IOCypwp3DjY,login
sourabh,127.0.0.1,2024-06-11 08:25:21.590902,LOsukeAlgyud0,login
sourabh,127.0.0.1,2024-06-11 08:26:07.420162,BnthULx2nSIvs,login
sourabh,127.0.0.1,2024-06-11 08:26:45.749884,EQTutgTfTlKLo,login
sourabh,127.0.0.1,2024-06-11 08:27:06.811746,m6FRnIRcPOjJ7,login
sourabh,127.0.0.1,2024-06-11 08:28:05.753178,ut6hamOlIfRAp,login
sourabh,127.0.0.1,2024-06-11 08:28:26.752435,22wauas61FQu8,login
sourabh,127.0.0.1,2024-06-11 08:28:41.306433,bWTN59Z3Gk8r2,login
sourabh,127.0.0.1,2024-06-11 08:29:10.770568,iEOhP2961X0zv,login
sourabh,127.0.0.1,2024-06-11 09:06:22.777391,Kxn2bZX2VP97N,login
sourabh,127.0.0.1,2024-06-11 09:07:36.088366,ff62mZZ5COvdF,login
sourabh,127.0.0.1,2024-06-11 09:08:57.804371,29yeAWGvzYTir,login
